<?xml version="1.0" encoding="UTF-8"?>
<!DOCTYPE mapper PUBLIC "-//mybatis.org//DTD Mapper 3.0//EN" 
"http://mybatis.org/dtd/mybatis-3-mapper.dtd">

<mapper namespace="com.mju.groupware.dao.InquiryDao">

	<!-- 글 작성 -->
	<insert id="InsertInquiry"
		parameterType="com.mju.groupware.dto.Inquiry">
		insert into InquiryBoard (
		IBoardSubject, IBoardContent,
		IBoardWriter, IBoardDate, IBoardType, UserEmail, UserPhoneNum, UserID, State
		) values(
		#{IBoardSubject},
		#{IBoardContent},
		#{IBoardWriter}, #{IBoardDate}, #{IBoardType}, #{UserEmail}, #{UserPhoneNum}, #{UserID}, #{State}
		)
	</insert>

	<select id="SelectInquiryList"
		resultType="com.mju.groupware.dto.Inquiry">
		select IBoardID, IBoardSubject, IBoardWriter, IBoardDate, State
		from InquiryBoard where IBoardDelete = 0
	</select>
	
	<select id="SelectIBoardID"
		parameterType="com.mju.groupware.dto.Inquiry" resultType="Integer">
		Select
		IBoardID
		From InquiryBoard
		Where
		UserID = #{UserID} and IBoardDate = #{IBoardDate}
	</select>

	<select id="SelectOneInquiryContent"
		resultType="com.mju.groupware.dto.Inquiry">
		select IBoardID, IBoardSubject, IBoardWriter, IBoardDate, IBoardContent, UserID, IBoardAnswer
		from InquiryBoard 
		where IBoardID = #{IBoardID}
	</select>
	
	<select id="SelectLoginUserIDForInquiry"
		parameterType="com.mju.groupware.dto.Inquiry" resultType="String">
		select UserID
		from User 
		where UserLoginID = #{loginID}
	</select>
	
	<update id="UpdateIBoardDelete" parameterType="Integer">
		UPDATE InquiryBoard 
		SET IBoardDelete = 1
		where IBoardID = #{IBoardID}
	</update>
	
	<update id="UpdateInquiryAnswer" parameterType="com.mju.groupware.dto.Inquiry">
		UPDATE InquiryBoard 
		SET IBoardAnswer = #{IBoardAnswer},
			State = #{State}
		where IBoardID = #{IBoardID}
	</update>
	
	<update id="DeleteInquiryAnswer" parameterType="Integer">
		UPDATE InquiryBoard 
		SET IBoardAnswer = null,
			State = '답변 대기'
		where IBoardID = #{IBoardID}
	</update>
	
	<select id="SelectMyInquiryList"
		resultType="com.mju.groupware.dto.Inquiry">
		select IBoardID, IBoardSubject, IBoardWriter, IBoardDate, State
		from InquiryBoard where UserID = #{UserID} and IBoardDelete = 0
	</select>
</mapper>