<?xml version="1.0" encoding="UTF-8"?>
<beans xmlns="http://www.springframework.org/schema/beans"
	xmlns:xsi="http://www.w3.org/2001/XMLSchema-instance"
	xsi:schemaLocation="http://www.springframework.org/schema/beans https://www.springframework.org/schema/beans/spring-beans.xsd">
	
	<!-- Root Context: defines shared resources visible to all other web components -->
	
	<!-- DataSource Bean -->
	<bean id="dataSource" class="org.springframework.jdbc.datasource.DriverManagerDataSource">
	<!-- class="org.apache.commons.dbcp.BasicDataSource"> -->
		<property name="driverClassName" value="com.mysql.cj.jdbc.Driver" />
		<property name="url" value="jdbc:mysql://localhost:3306/groupware?useSSL=false&amp;allowPublicKeyRetrieval=true&amp;serverTimezone=UTC" />
		<property name="username" value="root" />
		<property name="password" value="13902" />
	</bean>
	
	<bean name="template" class="org.springframework.jdbc.core.JdbcTemplate">
		<property name="dataSource" ref="dataSource"/>
	</bean>
	
	<!-- MyBatis SqlSessionFactoryBean -->
   <bean id="sqlSessionFactory" class="org.mybatis.spring.SqlSessionFactoryBean">
      <property name="dataSource" ref="dataSource" />
      <property name="configLocation" value="classpath:mybatis/mybatis-config.xml" />
   </bean>
	
	<!-- MyBatis SqlSessionTemplate -->
	<bean id="sqlSession" class="org.mybatis.spring.SqlSessionTemplate">
		<constructor-arg index="0" ref="sqlSessionFactory" />
	</bean>
		
</beans>