<?xml version="1.0" encoding="UTF-8"?>
<beans xmlns="http://www.springframework.org/schema/beans"
	xmlns:xsi="http://www.w3.org/2001/XMLSchema-instance"
	xmlns:context="http://www.springframework.org/schema/context"
	xsi:schemaLocation="http://www.springframework.org/schema/beans http://www.springframework.org/schema/beans/spring-beans-4.3.xsd
		http://www.springframework.org/schema/context http://www.springframework.org/schema/context/spring-context-4.3.xsd">
		
	<!-- 프로퍼티 파일 삽입 (여러개면 콤마로 구분해서 한번에 넣어줄 수 있음) -->
	<context:property-placeholder
		location="classpath:/properties/UserListDao.properties" />
	
	<!-- 빈 생성 및 setter 매개변수 전달 -->
	<bean id="UserListDaoID" class="com.mju.groupware.dto.ConstantAdminUserListDao">
		<property name="UserListDaoID">
			<value>${UserListDaoID}</value>
		</property>
		<property name="SelectUserList">
			<value>${SelectUserList}</value>
		</property>
		<property name="SelectDormantList">
			<value>${SelectDormantList}</value>
		</property>
		<property name="SelectWithdrawalList">
			<value>${SelectWithdrawalList}</value>
		</property>
		<property name="SelectWithdrawalUserListForRecovery">
			<value>${SelectWithdrawalUserListForRecovery}</value>
		</property>
		<property name="SelectWithdrawalStudentListForRecovery">
			<value>${SelectWithdrawalStudentListForRecovery}</value>
		</property>
		<property name="InsertUserForRecovery">
			<value>${InsertUserForRecovery}</value>
		</property>
		<property name="InsertStudentForRecovery">
			<value>${InsertStudentForRecovery}</value>
		</property>
		
	</bean>
</beans>