<?xml version="1.0" encoding="UTF-8"?>

<beans xmlns="http://www.springframework.org/schema/beans"
	   xmlns:xsi="http://www.w3.org/2001/XMLSchema-instance"	   
	   xmlns:context="http://www.springframework.org/schema/context"
	   xmlns:security="http://www.springframework.org/schema/security"
   	   xsi:schemaLocation="http://www.springframework.org/schema/security 
   	   http://www.springframework.org/schema/security/spring-security.xsd
	   http://www.springframework.org/schema/beans 
	   http://www.springframework.org/schema/beans/spring-beans.xsd
	   http://www.springframework.org/schema/context 
       http://www.springframework.org/schema/context/spring-context.xsd">

<context:component-scan base-package="com.mju.groupware" />
<bean id="UsersDetailsService" class="com.mju.groupware.security.UsersDetailsService" autowire="byType" />

	<security:http auto-config="true" use-expressions="true"> <!-- use-expressions="true" : spEL문법 사용 -->
  		<security:intercept-url pattern="/**" access="permitAll"/>	  		
	
	<security:form-login
		username-parameter="userLoginID"
		password-parameter="userLoginPwd"
		login-processing-url="/login.do" 
		login-page="/login" 
		default-target-url="/home" 
		authentication-failure-url="/login?error=1" /> <!-- default-target-url : 로그인 성공시 url -->
				
	<security:logout
		logout-url="/logout"
		logout-success-url="/home"
		invalidate-session="true"
		delete-cookies="" />
		
	<!-- 최대 한 개의 세션만 생성되도록(중복 방지) -->
	<security:session-management invalid-session-url="/login">
		<security:concurrency-control max-sessions="1"
							 expired-url="/login"
							 error-if-maximum-exceeded="false" />
	</security:session-management>

	</security:http>

	<security:authentication-manager>
		<security:authentication-provider user-service-ref="UsersDetailsService">
			<security:password-encoder hash="bcrypt" />
		</security:authentication-provider>
	</security:authentication-manager>
</beans>